No.	Student Number	name	DoB	Email Address	gender	email
38	141855	Mutunga, Patience Kamanthe	2000-08-08		female	mkamanthe@gmail.com
57	141756	Patel, Jay Hirji	2003-06-25		male	phirji@gmail.com
19	146273	Kihara, Shannon Kendi	2002-10-14		female	kkendi@gmail.com
9	146356	Ger, David Otieno	2001-01-28		male	gotieno@gmail.com
18	146015	Kiarie, Samuel Ndungu	2000-06-09		male	kndungu@gmail.com
64	137931	Waweru, Trevor Kariuki	2002-04-19		male	wkariuki@gmail.com
62	124342	Wanjao, Louis Mbugua	2001-04-20		male	wmbugua@gmail.com
23	122992	Kithae, Eric Muriithi	2000-10-02		male	kmuriithi@gmail.com
59	132747	Tum, Bramwel Kipchirchir	2001-02-06		male	tkipchirchir@gmail.com
10	87244	Githinji, Don Moses Thigiti	2000-04-12		male	gthigiti@gmail.com
49	139010	Nyambura, Erica	2002-08-26		female	nerica@gmail.com
21	146602	Kinyua, Victor Mfana	2003-10-28		male	kmfana@gmail.com
39	145840	Mwanda, George Josiah	2000-02-20		male	mjosiah@gmail.com
32	145350	Muiyuro, Natasha Waithira	2002-08-19		female	mwaithira@gmail.com
43	136559	Ndungu, Sarah Laura Wangari	2003-10-01		female	nwangari@gmail.com
45	145732	Ngeno, Alvin Kipkurui	2002-12-22		male	nkipkurui@gmail.com
42	145353	Ndambiri, Yvonne Nyambura	2002-07-21		female	nnyambura@gmail.com
60	143621	Wachira, Joy Muthoni	2001-08-07		female	wmuthoni@gmail.com
34	138348	Muroki, Mark Gichuhi	2001-12-28		male	mgichuhi@gmail.com
2	145587	Akong'o, Shanelle Hilda Anyango	2001-11-14		female	aanyango@gmail.com
61	146360	Wakaba, Rosemary Njeri	2000-01-11		female	wnjeri@gmail.com
51	138897	Ochanda, Steven Joel Jona	2000-04-02		male	ojona@gmail.com
31	122279	Muhia, Victor Mwaura	2000-09-26		male	mmwaura@gmail.com
53	138367	Ombeni, Mwenzangu Faraja	2001-12-03		male	ofaraja@gmail.com
16	145883	Kangethe, Sharon Wanjiru	2000-02-20		female	kwanjiru@gmail.com
29	146357	Morekwa, David Nyamongo	2001-02-13		male	mnyamongo@gmail.com
28	138493	Mohamed, Ally Mahamud	2003-04-04		male	mmahamud@gmail.com
3	145401	Ang'edu, Jude Ocomil	2003-08-21		male	aocomil@gmail.com
63	145356	Waweru, Monika Ng'endo	2002-05-20		female	wngendo@gmail.com
17	145702	Karanu, Neema Muthoni	2001-11-24		female	kmuthoni@gmail.com
13	138551	Ismail, Ruweida Ali	2000-04-08		female	iali@gmail.com
58	145837	Tonui, Martin	2002-06-02		male	tmartin@gmail.com
22	138458	Kirema, Ian Muteithia	2001-03-01		male	kmuteithia@gmail.com
55	137668	Orony, Charis Ng'wono	2000-01-16		female	ongwono@gmail.com
48	146197	Nugi, Andrew Kiarie	2003-04-15		male	nkiarie@gmail.com
12	145644	Hassan, Fardowsa Abduhakim	2000-09-20		female	habduhakim@gmail.com
26	141706	Maritim, Kelvin Kipngeno	2000-10-23		male	mkipngeno@gmail.com
7	146320	Dessalegn, Kalid Geleta	2000-09-07		male	dgeleta@gmail.com
8	134693	Epetet, Keith Lokwei	2001-06-08		male	elokwei@gmail.com
56	142005	Owens, Nicole Owens	2000-09-14		female	oowens@gmail.com
5	137357	Atenya, Anthony Magunga Ikobwa	2002-03-17		male	aikobwa@gmail.com
41	145890	Naibei, Monicah	2002-11-28		female	nmonicah@gmail.com
4	140801	Arunga, Kyla Neema	2003-10-26		female	aneema@gmail.com
27	102206	Masaka, Zivai Takadiwa David	2002-07-06		male	mdavid@gmail.com
6	145346	Budembeshe, Moses Kasuni	2002-02-24		male	bkasuni@gmail.com
25	145493	Kwoba, Alex Wafula	2002-04-26		male	kwafula@gmail.com
33	145889	Muli, Grace Kanini	2000-04-27		female	mkanini@gmail.com
20	131652	Kimutai, Peter Kibet	2002-09-16		male	kkibet@gmail.com
50	139471	Nzioki, Maureen Mutete	2002-10-05		female	nmutete@gmail.com
37	134362	Mutunga, Eric Kiamba	2003-07-11		male	mkiamba@gmail.com
54	124965	Ombongi, Caleb Magare	2002-09-27		male	omagare@gmail.com
44	145547	Ng'ang'a, Ian Mutuge	2001-01-23		male	nmutuge@gmail.com
15	141910	Kamau, Ann Mumbi	2001-11-28		female	kmumbi@gmail.com
46	89724	Ngigi, Michael Macharia	2003-08-11		male	nmacharia@gmail.com
14	137766	Johnson, Myles Adebayo	2001-04-27		male	jadebayo@gmail.com
40	145706	Nabaala, Andrew Kasaine	2001-07-27		male	nkasaine@gmail.com
30	144955	Mugambi, Kelvin Karani	2000-04-10		male	mkarani@gmail.com
35	145434	Mutaki, Ruby Mbete	2002-06-17		female	mmbete@gmail.com
47	137222	Njuguna, Elizabeth Njoki	2000-07-07		female	nnjoki@gmail.com
52	128099	Ogutu, Brenda Mary Anyango	2002-04-24		female	oanyango@gmail.com
24	145460	Korir, Kevin Kimutai	2002-10-26		male	kkimutai@gmail.com
1	144234	Abwoga, Adrian Jared Paul	2000-06-17		male	apaul@gmail.com
11	145982	Haji, Ashir Ali	2003-06-13		male	hali@gmail.com
36	146098	Mutua, Franklin Karanja	2003-10-21		male	mkaranja@gmail.com
